<metadata xml:lang="en"><Esri><CreaDate>20230321</CreaDate><CreaTime>10365400</CreaTime><ArcGISFormat>1.0</ArcGISFormat><SyncOnce>FALSE</SyncOnce><DataProperties><itemProps><itemName Sync="TRUE">CTPS_TDM23_TAZ_2017g_v202303</itemName><imsContentType Sync="TRUE">002</imsContentType><itemSize Sync="TRUE">0.000</itemSize><itemLocation><linkage Sync="TRUE">file://\\MATKINSON-LT\J$\Shared drives\TMD_TSA\Model\platform\inputs\zonal\shp\CTPS_TDM23_TAZ_2017g_v202303.shp</linkage><protocol Sync="TRUE">Local Area Network</protocol></itemLocation></itemProps><coordRef><type Sync="TRUE">Projected</type><geogcsn Sync="TRUE">GCS_North_American_1983</geogcsn><csUnits Sync="TRUE">Linear Unit: Meter (1.000000)</csUnits><projcsn Sync="TRUE">NAD_1983_StatePlane_Massachusetts_Mainland_FIPS_2001</projcsn><peXml Sync="TRUE">&lt;ProjectedCoordinateSystem xsi:type='typens:ProjectedCoordinateSystem' xmlns:xsi='http://www.w3.org/2001/XMLSchema-instance' xmlns:xs='http://www.w3.org/2001/XMLSchema' xmlns:typens='http://www.esri.com/schemas/ArcGIS/3.1.0'&gt;&lt;WKT&gt;PROJCS[&amp;quot;NAD_1983_StatePlane_Massachusetts_Mainland_FIPS_2001&amp;quot;,GEOGCS[&amp;quot;GCS_North_American_1983&amp;quot;,DATUM[&amp;quot;D_North_American_1983&amp;quot;,SPHEROID[&amp;quot;GRS_1980&amp;quot;,6378137.0,298.257222101]],PRIMEM[&amp;quot;Greenwich&amp;quot;,0.0],UNIT[&amp;quot;Degree&amp;quot;,0.0174532925199433]],PROJECTION[&amp;quot;Lambert_Conformal_Conic&amp;quot;],PARAMETER[&amp;quot;False_Easting&amp;quot;,200000.0],PARAMETER[&amp;quot;False_Northing&amp;quot;,750000.0],PARAMETER[&amp;quot;Central_Meridian&amp;quot;,-71.5],PARAMETER[&amp;quot;Standard_Parallel_1&amp;quot;,41.71666666666667],PARAMETER[&amp;quot;Standard_Parallel_2&amp;quot;,42.68333333333333],PARAMETER[&amp;quot;Latitude_Of_Origin&amp;quot;,41.0],UNIT[&amp;quot;Meter&amp;quot;,1.0],AUTHORITY[&amp;quot;EPSG&amp;quot;,26986]]&lt;/WKT&gt;&lt;XOrigin&gt;-36530900&lt;/XOrigin&gt;&lt;YOrigin&gt;-28803200&lt;/YOrigin&gt;&lt;XYScale&gt;122610652.81195112&lt;/XYScale&gt;&lt;ZOrigin&gt;-100000&lt;/ZOrigin&gt;&lt;ZScale&gt;10000&lt;/ZScale&gt;&lt;MOrigin&gt;-100000&lt;/MOrigin&gt;&lt;MScale&gt;10000&lt;/MScale&gt;&lt;XYTolerance&gt;0.001&lt;/XYTolerance&gt;&lt;ZTolerance&gt;0.001&lt;/ZTolerance&gt;&lt;MTolerance&gt;0.001&lt;/MTolerance&gt;&lt;HighPrecision&gt;true&lt;/HighPrecision&gt;&lt;WKID&gt;26986&lt;/WKID&gt;&lt;LatestWKID&gt;26986&lt;/LatestWKID&gt;&lt;/ProjectedCoordinateSystem&gt;</peXml></coordRef><lineage><Process ToolSource="c:\program files\arcgis\pro\Resources\ArcToolbox\toolboxes\Conversion Tools.tbx\ExportFeatures" Date="20230321" Time="103654">ExportFeatures CTPS_TDM23_TAZ_2017g_v202303 C:\Users\matkinson.AD\Documents\tdm23\inputs\zonal\shp\CTPS_TDM23_TAZ_2017g_v202303_2.shp # NOT_USE_ALIAS "OBJECTID "OBJECTID" true true false 18 Double 0 18,First,#,CTPS_TDM23_TAZ_2017g_v202303,OBJECTID,-1,-1;taz_id "taz_id" true true false 18 Double 0 18,First,#,CTPS_TDM23_TAZ_2017g_v202303,taz_id,-1,-1;Shape_Leng "Shape_Leng" true true false 24 Double 15 23,First,#,CTPS_TDM23_TAZ_2017g_v202303,Shape_Leng,-1,-1;Shape_Area "Shape_Area" true true false 24 Double 15 23,First,#,CTPS_TDM23_TAZ_2017g_v202303,Shape_Area,-1,-1;type "type" true true false 80 Text 0 0,First,#,CTPS_TDM23_TAZ_2017g_v202303,type,0,80;town "town" true true false 80 Text 0 0,First,#,CTPS_TDM23_TAZ_2017g_v202303,town,0,80;state "state" true true false 80 Text 0 0,First,#,CTPS_TDM23_TAZ_2017g_v202303,state,0,80;town_state "town_state" true true false 80 Text 0 0,First,#,CTPS_TDM23_TAZ_2017g_v202303,town_state,0,80;mpo "mpo" true true false 80 Text 0 0,First,#,CTPS_TDM23_TAZ_2017g_v202303,mpo,0,80;in_brmpo "in_brmpo" true true false 18 Double 0 18,First,#,CTPS_TDM23_TAZ_2017g_v202303,in_brmpo,-1,-1;subregion "subregion" true true false 80 Text 0 0,First,#,CTPS_TDM23_TAZ_2017g_v202303,subregion,0,80;ring "ring" true true false 18 Double 0 18,First,#,CTPS_TDM23_TAZ_2017g_v202303,ring,-1,-1;corridor "corridor" true true false 18 Double 0 18,First,#,CTPS_TDM23_TAZ_2017g_v202303,corridor,-1,-1;district "district" true true false 18 Double 0 18,First,#,CTPS_TDM23_TAZ_2017g_v202303,district,-1,-1;total_area "total_area" true true false 24 Double 15 23,First,#,CTPS_TDM23_TAZ_2017g_v202303,total_area,-1,-1;land_area "land_area" true true false 24 Double 15 23,First,#,CTPS_TDM23_TAZ_2017g_v202303,land_area,-1,-1;urban "urban" true true false 24 Double 15 23,First,#,CTPS_TDM23_TAZ_2017g_v202303,urban,-1,-1" #</Process><Process ToolSource="c:\program files\arcgis\pro\Resources\ArcToolbox\toolboxes\Conversion Tools.tbx\ExportFeatures" Date="20230321" Time="104257">ExportFeatures CTPS_TDM23_TAZ_2017g_v202303_2 C:\Users\matkinson.AD\Downloads\NH_Maps\NH_Maps.gdb\CTPS_TDM23_TAZ_ExportFeature # NOT_USE_ALIAS "OBJECTID "OBJECTID" true true false 18 Double 0 18,First,#,CTPS_TDM23_TAZ_2017g_v202303_2,OBJECTID,-1,-1;taz_id "taz_id" true true false 18 Double 0 18,First,#,CTPS_TDM23_TAZ_2017g_v202303_2,taz_id,-1,-1;Shape_Leng "Shape_Leng" true true false 19 Double 15 18,First,#,CTPS_TDM23_TAZ_2017g_v202303_2,Shape_Leng,-1,-1;Shape_Area "Shape_Area" true true false 19 Double 15 18,First,#,CTPS_TDM23_TAZ_2017g_v202303_2,Shape_Area,-1,-1;type "type" true true false 80 Text 0 0,First,#,CTPS_TDM23_TAZ_2017g_v202303_2,type,0,80;town "town" true true false 80 Text 0 0,First,#,CTPS_TDM23_TAZ_2017g_v202303_2,town,0,80;state "state" true true false 80 Text 0 0,First,#,CTPS_TDM23_TAZ_2017g_v202303_2,state,0,80;town_state "town_state" true true false 80 Text 0 0,First,#,CTPS_TDM23_TAZ_2017g_v202303_2,town_state,0,80;mpo "mpo" true true false 80 Text 0 0,First,#,CTPS_TDM23_TAZ_2017g_v202303_2,mpo,0,80;in_brmpo "in_brmpo" true true false 18 Double 0 18,First,#,CTPS_TDM23_TAZ_2017g_v202303_2,in_brmpo,-1,-1;subregion "subregion" true true false 80 Text 0 0,First,#,CTPS_TDM23_TAZ_2017g_v202303_2,subregion,0,80;ring "ring" true true false 18 Double 0 18,First,#,CTPS_TDM23_TAZ_2017g_v202303_2,ring,-1,-1;corridor "corridor" true true false 18 Double 0 18,First,#,CTPS_TDM23_TAZ_2017g_v202303_2,corridor,-1,-1;district "district" true true false 18 Double 0 18,First,#,CTPS_TDM23_TAZ_2017g_v202303_2,district,-1,-1;total_area "total_area" true true false 19 Double 15 18,First,#,CTPS_TDM23_TAZ_2017g_v202303_2,total_area,-1,-1;land_area "land_area" true true false 19 Double 15 18,First,#,CTPS_TDM23_TAZ_2017g_v202303_2,land_area,-1,-1;urban "urban" true true false 19 Double 15 18,First,#,CTPS_TDM23_TAZ_2017g_v202303_2,urban,-1,-1" #</Process><Process ToolSource="c:\program files\arcgis\pro\Resources\ArcToolbox\toolboxes\Conversion Tools.tbx\ExportFeatures" Date="20230321" Time="104505">ExportFeatures CTPS_TDM23_TAZ_ExportFeature C:\Users\matkinson.AD\Downloads\CTPS_TDM23_TAZ_2017g_v202303.shp # NOT_USE_ALIAS "OBJECTID "OBJECTID" true true false 8 Double 0 0,First,#,CTPS_TDM23_TAZ_ExportFeature,OBJECTID,-1,-1;taz_id "taz_id" true true false 8 Double 0 0,First,#,CTPS_TDM23_TAZ_ExportFeature,taz_id,-1,-1;Shape_Leng "Shape_Leng" true true false 8 Double 0 0,First,#,CTPS_TDM23_TAZ_ExportFeature,Shape_Leng,-1,-1;type "type" true true false 1 Text 0 0,First,#,CTPS_TDM23_TAZ_ExportFeature,type,0,80;town "town" true true false 80 Text 0 0,First,#,CTPS_TDM23_TAZ_ExportFeature,town,0,80;state "state" true true false 2 Text 0 0,First,#,CTPS_TDM23_TAZ_ExportFeature,state,0,80;town_state "town_state" true true false 80 Text 0 0,First,#,CTPS_TDM23_TAZ_ExportFeature,town_state,0,80;mpo "mpo" true true false 80 Text 0 0,First,#,CTPS_TDM23_TAZ_ExportFeature,mpo,0,80;in_brmpo "in_brmpo" true true false 8 Short 0 0,First,#,CTPS_TDM23_TAZ_ExportFeature,in_brmpo,-1,-1;subregion "subregion" true true false 80 Text 0 0,First,#,CTPS_TDM23_TAZ_ExportFeature,subregion,0,80;ring "ring" true true false 8 Short 0 0,First,#,CTPS_TDM23_TAZ_ExportFeature,ring,-1,-1;corridor "corridor" true true false 8 Short 0 0,First,#,CTPS_TDM23_TAZ_ExportFeature,corridor,-1,-1;district "district" true true false 8 Short 0 0,First,#,CTPS_TDM23_TAZ_ExportFeature,district,-1,-1;total_area "total_area" true true false 8 Double 0 0,First,#,CTPS_TDM23_TAZ_ExportFeature,total_area,-1,-1;land_area "land_area" true true false 8 Double 0 0,First,#,CTPS_TDM23_TAZ_ExportFeature,land_area,-1,-1;urban "urban" true true false 8 Short 0 0,First,#,CTPS_TDM23_TAZ_ExportFeature,urban,-1,-1;Shape_Length "Shape_Length" false true true 8 Double 0 0,First,#,CTPS_TDM23_TAZ_ExportFeature,Shape_Length,-1,-1;Shape_Area "Shape_Area" false true true 8 Double 0 0,First,#,CTPS_TDM23_TAZ_ExportFeature,Shape_Area,-1,-1" #</Process><Process ToolSource="c:\program files\arcgis\pro\Resources\ArcToolbox\toolboxes\Data Management Tools.tbx\UpdateSchema" Date="20230321" Time="104609">UpdateSchema "CIMDATA=&lt;CIMStandardDataConnection xsi:type='typens:CIMStandardDataConnection' xmlns:xsi='http://www.w3.org/2001/XMLSchema-instance' xmlns:xs='http://www.w3.org/2001/XMLSchema' xmlns:typens='http://www.esri.com/schemas/ArcGIS/3.1.0'&gt;&lt;WorkspaceConnectionString&gt;DATABASE=C:\Users\matkinson.AD\Downloads&lt;/WorkspaceConnectionString&gt;&lt;WorkspaceFactory&gt;Shapefile&lt;/WorkspaceFactory&gt;&lt;Dataset&gt;CTPS_TDM23_TAZ_2017g_v202303&lt;/Dataset&gt;&lt;DatasetType&gt;esriDTFeatureClass&lt;/DatasetType&gt;&lt;/CIMStandardDataConnection&gt;" &lt;operationSequence&gt;&lt;workflow&gt;&lt;DeleteField&gt;&lt;field_name&gt;Shape_Le_1&lt;/field_name&gt;&lt;/DeleteField&gt;&lt;/workflow&gt;&lt;/operationSequence&gt;</Process><Process ToolSource="c:\program files\arcgis\pro\Resources\ArcToolbox\toolboxes\Data Management Tools.tbx\UpdateSchema" Date="20230321" Time="104630">UpdateSchema "CIMDATA=&lt;CIMStandardDataConnection xsi:type='typens:CIMStandardDataConnection' xmlns:xsi='http://www.w3.org/2001/XMLSchema-instance' xmlns:xs='http://www.w3.org/2001/XMLSchema' xmlns:typens='http://www.esri.com/schemas/ArcGIS/3.1.0'&gt;&lt;WorkspaceConnectionString&gt;DATABASE=C:\Users\matkinson.AD\Downloads&lt;/WorkspaceConnectionString&gt;&lt;WorkspaceFactory&gt;Shapefile&lt;/WorkspaceFactory&gt;&lt;Dataset&gt;CTPS_TDM23_TAZ_2017g_v202303&lt;/Dataset&gt;&lt;DatasetType&gt;esriDTFeatureClass&lt;/DatasetType&gt;&lt;/CIMStandardDataConnection&gt;" &lt;operationSequence&gt;&lt;workflow&gt;&lt;DeleteField&gt;&lt;field_name&gt;OBJECTID&lt;/field_name&gt;&lt;/DeleteField&gt;&lt;/workflow&gt;&lt;/operationSequence&gt;</Process><Process ToolSource="c:\program files\arcgis\pro\Resources\ArcToolbox\toolboxes\Conversion Tools.tbx\ExportFeatures" Date="20230321" Time="104746">ExportFeatures CTPS_TDM23_TAZ_2017g_v202303 C:\Users\matkinson.AD\Documents\tdm23\inputs\zonal\shp\CTPS_TDM23_TAZ_2017g_v202303.shp # NOT_USE_ALIAS "taz_id "taz_id" true true false 19 Double 0 0,First,#,CTPS_TDM23_TAZ_2017g_v202303,taz_id,-1,-1;type "type" true true false 1 Text 0 0,First,#,CTPS_TDM23_TAZ_2017g_v202303,type,0,1;town "town" true true false 80 Text 0 0,First,#,CTPS_TDM23_TAZ_2017g_v202303,town,0,80;state "state" true true false 2 Text 0 0,First,#,CTPS_TDM23_TAZ_2017g_v202303,state,0,2;town_state "town_state" true true false 80 Text 0 0,First,#,CTPS_TDM23_TAZ_2017g_v202303,town_state,0,80;mpo "mpo" true true false 80 Text 0 0,First,#,CTPS_TDM23_TAZ_2017g_v202303,mpo,0,80;in_brmpo "in_brmpo" true true false 5 Long 0 5,First,#,CTPS_TDM23_TAZ_2017g_v202303,in_brmpo,-1,-1;subregion "subregion" true true false 80 Text 0 0,First,#,CTPS_TDM23_TAZ_2017g_v202303,subregion,0,80;ring "ring" true true false 5 Long 0 5,First,#,CTPS_TDM23_TAZ_2017g_v202303,ring,-1,-1;corridor "corridor" true true false 5 Long 0 5,First,#,CTPS_TDM23_TAZ_2017g_v202303,corridor,-1,-1;district "district" true true false 5 Long 0 5,First,#,CTPS_TDM23_TAZ_2017g_v202303,district,-1,-1;total_area "total_area" true true false 19 Double 0 0,First,#,CTPS_TDM23_TAZ_2017g_v202303,total_area,-1,-1;land_area "land_area" true true false 19 Double 0 0,First,#,CTPS_TDM23_TAZ_2017g_v202303,land_area,-1,-1;urban "urban" true true false 5 Long 0 5,First,#,CTPS_TDM23_TAZ_2017g_v202303,urban,-1,-1" #</Process><Process ToolSource="c:\program files\arcgis\pro\Resources\ArcToolbox\toolboxes\Conversion Tools.tbx\ExportFeatures" Date="20230321" Time="105100">ExportFeatures CTPS_TDM23_TAZ_2017g_v202303 "J:\Shared drives\TMD_TSA\Model\platform\inputs\zonal\shp\CTPS_TDM23_TAZ_2017g_v202303.shp" # NOT_USE_ALIAS "taz_id "taz_id" true true false 19 Double 0 0,First,#,CTPS_TDM23_TAZ_2017g_v202303,taz_id,-1,-1;type "type" true true false 1 Text 0 0,First,#,CTPS_TDM23_TAZ_2017g_v202303,type,0,1;town "town" true true false 80 Text 0 0,First,#,CTPS_TDM23_TAZ_2017g_v202303,town,0,80;state "state" true true false 2 Text 0 0,First,#,CTPS_TDM23_TAZ_2017g_v202303,state,0,2;town_state "town_state" true true false 80 Text 0 0,First,#,CTPS_TDM23_TAZ_2017g_v202303,town_state,0,80;mpo "mpo" true true false 80 Text 0 0,First,#,CTPS_TDM23_TAZ_2017g_v202303,mpo,0,80;in_brmpo "in_brmpo" true true false 5 Short 0 0,First,#,CTPS_TDM23_TAZ_2017g_v202303,in_brmpo,-1,-1;subregion "subregion" true true false 80 Text 0 0,First,#,CTPS_TDM23_TAZ_2017g_v202303,subregion,0,80;ring "ring" true true false 5 Short 0 0,First,#,CTPS_TDM23_TAZ_2017g_v202303,ring,-1,-1;corridor "corridor" true true false 5 Short 0 0,First,#,CTPS_TDM23_TAZ_2017g_v202303,corridor,-1,-1;district "district" true true false 5 Short 0 0,First,#,CTPS_TDM23_TAZ_2017g_v202303,district,-1,-1;total_area "total_area" true true false 19 Double 0 0,First,#,CTPS_TDM23_TAZ_2017g_v202303,total_area,-1,-1;land_area "land_area" true true false 19 Double 0 0,First,#,CTPS_TDM23_TAZ_2017g_v202303,land_area,-1,-1;urban "urban" true true false 5 Short 0 0,First,#,CTPS_TDM23_TAZ_2017g_v202303,urban,-1,-1" #</Process></lineage></DataProperties><SyncDate>20230321</SyncDate><SyncTime>10504900</SyncTime><ModDate>20230321</ModDate><ModTime>10504900</ModTime></Esri><dataIdInfo><envirDesc Sync="TRUE">Microsoft Windows 10 Version 10.0 (Build 19044) ; Esri ArcGIS 13.1.0.41833</envirDesc><dataLang><languageCode value="eng" Sync="TRUE"></languageCode><countryCode value="USA" Sync="TRUE"></countryCode></dataLang><idCitation><resTitle Sync="TRUE">CTPS_TDM23_TAZ_2017g_v202303</resTitle><presForm><PresFormCd value="005" Sync="TRUE"></PresFormCd></presForm></idCitation><spatRpType><SpatRepTypCd value="001" Sync="TRUE"></SpatRepTypCd></spatRpType></dataIdInfo><mdLang><languageCode value="eng" Sync="TRUE"></languageCode><countryCode value="USA" Sync="TRUE"></countryCode></mdLang><mdChar><CharSetCd value="004" Sync="TRUE"></CharSetCd></mdChar><distInfo><distFormat><formatName Sync="TRUE">Shapefile</formatName></distFormat><distTranOps><transSize Sync="TRUE">0.000</transSize></distTranOps></distInfo><mdHrLv><ScopeCd value="005" Sync="TRUE"></ScopeCd></mdHrLv><mdHrLvName Sync="TRUE">dataset</mdHrLvName><refSysInfo><RefSystem><refSysID><identCode code="26986" Sync="TRUE"></identCode><idCodeSpace Sync="TRUE">EPSG</idCodeSpace><idVersion Sync="TRUE">2.1(3.0.1)</idVersion></refSysID></RefSystem></refSysInfo><spatRepInfo><VectSpatRep><geometObjs Name="CTPS_TDM23_TAZ_2017g_v202303"><geoObjTyp><GeoObjTypCd value="002" Sync="TRUE"></GeoObjTypCd></geoObjTyp><geoObjCnt Sync="TRUE">0</geoObjCnt></geometObjs><topLvl><TopoLevCd value="001" Sync="TRUE"></TopoLevCd></topLvl></VectSpatRep></spatRepInfo><spdoinfo><ptvctinf><esriterm Name="CTPS_TDM23_TAZ_2017g_v202303"><efeatyp Sync="TRUE">Simple</efeatyp><efeageom code="4" Sync="TRUE"></efeageom><esritopo Sync="TRUE">FALSE</esritopo><efeacnt Sync="TRUE">0</efeacnt><spindex Sync="TRUE">FALSE</spindex><linrefer Sync="TRUE">FALSE</linrefer></esriterm></ptvctinf></spdoinfo><eainfo><detailed Name="CTPS_TDM23_TAZ_2017g_v202303"><enttyp><enttypl Sync="TRUE">CTPS_TDM23_TAZ_2017g_v202303</enttypl><enttypt Sync="TRUE">Feature Class</enttypt><enttypc Sync="TRUE">0</enttypc></enttyp><attr><attrlabl Sync="TRUE">FID</attrlabl><attalias Sync="TRUE">FID</attalias><attrtype Sync="TRUE">OID</attrtype><attwidth Sync="TRUE">4</attwidth><atprecis Sync="TRUE">0</atprecis><attscale Sync="TRUE">0</attscale><attrdef Sync="TRUE">Internal feature number.</attrdef><attrdefs Sync="TRUE">Esri</attrdefs><attrdomv><udom Sync="TRUE">Sequential unique whole numbers that are automatically generated.</udom></attrdomv></attr><attr><attrlabl Sync="TRUE">Shape</attrlabl><attalias Sync="TRUE">Shape</attalias><attrtype Sync="TRUE">Geometry</attrtype><attwidth Sync="TRUE">0</attwidth><atprecis Sync="TRUE">0</atprecis><attscale Sync="TRUE">0</attscale><attrdef Sync="TRUE">Feature geometry.</attrdef><attrdefs Sync="TRUE">Esri</attrdefs><attrdomv><udom Sync="TRUE">Coordinates defining the features.</udom></attrdomv></attr><attr><attrlabl Sync="TRUE">taz_id</attrlabl><attalias Sync="TRUE">taz_id</attalias><attrtype Sync="TRUE">Double</attrtype><attwidth Sync="TRUE">19</attwidth><atprecis Sync="TRUE">0</atprecis><attscale Sync="TRUE">0</attscale></attr><attr><attrlabl Sync="TRUE">type</attrlabl><attalias Sync="TRUE">type</attalias><attrtype Sync="TRUE">String</attrtype><attwidth Sync="TRUE">1</attwidth><atprecis Sync="TRUE">0</atprecis><attscale Sync="TRUE">0</attscale></attr><attr><attrlabl Sync="TRUE">town</attrlabl><attalias Sync="TRUE">town</attalias><attrtype Sync="TRUE">String</attrtype><attwidth Sync="TRUE">80</attwidth><atprecis Sync="TRUE">0</atprecis><attscale Sync="TRUE">0</attscale></attr><attr><attrlabl Sync="TRUE">state</attrlabl><attalias Sync="TRUE">state</attalias><attrtype Sync="TRUE">String</attrtype><attwidth Sync="TRUE">2</attwidth><atprecis Sync="TRUE">0</atprecis><attscale Sync="TRUE">0</attscale></attr><attr><attrlabl Sync="TRUE">town_state</attrlabl><attalias Sync="TRUE">town_state</attalias><attrtype Sync="TRUE">String</attrtype><attwidth Sync="TRUE">80</attwidth><atprecis Sync="TRUE">0</atprecis><attscale Sync="TRUE">0</attscale></attr><attr><attrlabl Sync="TRUE">mpo</attrlabl><attalias Sync="TRUE">mpo</attalias><attrtype Sync="TRUE">String</attrtype><attwidth Sync="TRUE">80</attwidth><atprecis Sync="TRUE">0</atprecis><attscale Sync="TRUE">0</attscale></attr><attr><attrlabl Sync="TRUE">in_brmpo</attrlabl><attalias Sync="TRUE">in_brmpo</attalias><attrtype Sync="TRUE">Integer</attrtype><attwidth Sync="TRUE">5</attwidth><atprecis Sync="TRUE">5</atprecis><attscale Sync="TRUE">0</attscale></attr><attr><attrlabl Sync="TRUE">subregion</attrlabl><attalias Sync="TRUE">subregion</attalias><attrtype Sync="TRUE">String</attrtype><attwidth Sync="TRUE">80</attwidth><atprecis Sync="TRUE">0</atprecis><attscale Sync="TRUE">0</attscale></attr><attr><attrlabl Sync="TRUE">ring</attrlabl><attalias Sync="TRUE">ring</attalias><attrtype Sync="TRUE">Integer</attrtype><attwidth Sync="TRUE">5</attwidth><atprecis Sync="TRUE">5</atprecis><attscale Sync="TRUE">0</attscale></attr><attr><attrlabl Sync="TRUE">corridor</attrlabl><attalias Sync="TRUE">corridor</attalias><attrtype Sync="TRUE">Integer</attrtype><attwidth Sync="TRUE">5</attwidth><atprecis Sync="TRUE">5</atprecis><attscale Sync="TRUE">0</attscale></attr><attr><attrlabl Sync="TRUE">district</attrlabl><attalias Sync="TRUE">district</attalias><attrtype Sync="TRUE">Integer</attrtype><attwidth Sync="TRUE">5</attwidth><atprecis Sync="TRUE">5</atprecis><attscale Sync="TRUE">0</attscale></attr><attr><attrlabl Sync="TRUE">total_area</attrlabl><attalias Sync="TRUE">total_area</attalias><attrtype Sync="TRUE">Double</attrtype><attwidth Sync="TRUE">19</attwidth><atprecis Sync="TRUE">0</atprecis><attscale Sync="TRUE">0</attscale></attr><attr><attrlabl Sync="TRUE">land_area</attrlabl><attalias Sync="TRUE">land_area</attalias><attrtype Sync="TRUE">Double</attrtype><attwidth Sync="TRUE">19</attwidth><atprecis Sync="TRUE">0</atprecis><attscale Sync="TRUE">0</attscale></attr><attr><attrlabl Sync="TRUE">urban</attrlabl><attalias Sync="TRUE">urban</attalias><attrtype Sync="TRUE">Integer</attrtype><attwidth Sync="TRUE">5</attwidth><atprecis Sync="TRUE">5</atprecis><attscale Sync="TRUE">0</attscale></attr></detailed></eainfo><mdDateSt Sync="TRUE">20230321</mdDateSt></metadata>
